{
  "Workflows": [
    {
      "Path": null,
      "SortBy": 0,
      "VariablesSectionElementsOrder": [],
      "ArgumentsSectionElementsOrder": null,
      "ConstantsSectionElementsOrder": [],
      "AddedNamespaces": null
    },
    {
      "Path": "Main.xaml",
      "SortBy": 0,
      "VariablesSectionElementsOrder": [
        "FileList&Sequence_2",
        "DownloadedFileName&Sequence_2",
        "PathExists&Sequence_1",
        "FileNotDownloaded&Sequence_1"
      ],
      "ArgumentsSectionElementsOrder": [],
      "ConstantsSectionElementsOrder": [],
      "AddedNamespaces": null
    },
    {
      "Path": "ass1.xaml",
      "SortBy": 0,
      "VariablesSectionElementsOrder": [
        "DT&Sequence_1",
        "currentIP&Sequence_1",
        "val&Sequence_1"
      ],
      "ArgumentsSectionElementsOrder": [],
      "ConstantsSectionElementsOrder": [],
      "AddedNamespaces": null
    },
    {
      "Path": "image.xaml",
      "SortBy": 0,
      "VariablesSectionElementsOrder": [
        "DT&Sequence_1",
        "currentIP&Sequence_1",
        "val&Sequence_1"
      ],
      "ArgumentsSectionElementsOrder": [],
      "ConstantsSectionElementsOrder": [],
      "AddedNamespaces": null
    }
  ]
}